threshold,smoothing_method,smoothing_alpha,consecutive_k,positive_records,future_support,predicted_positive_windows,future_precision,future_recall,events,detected_events,event_recall,median_lead_time_sec,false_alert_windows,false_alert_episodes,patient_hours,false_alert_episodes_per_patient_hour,score_name,gate_passed
0.02,raw,1.0,1,7,91,872,0.07454128440366972,0.7142857142857143,12,8,0.6666666666666666,275.0,713,95,11.574999999999998,8.207343412526999,vt_vs_normal,False
0.03,raw,1.0,1,7,91,774,0.07881136950904392,0.6703296703296703,12,8,0.6666666666666666,240.0,625,77,11.574999999999998,6.652267818574516,vt_vs_normal,False
0.04,raw,1.0,1,7,91,707,0.08203677510608204,0.6373626373626373,12,8,0.6666666666666666,225.0,567,73,11.574999999999998,6.3066954643628526,vt_vs_normal,False
0.05,raw,1.0,1,7,91,657,0.0791476407914764,0.5714285714285714,12,6,0.5,225.0,527,70,11.574999999999998,6.047516198704105,vt_vs_normal,False
0.06,raw,1.0,1,7,91,606,0.07755775577557755,0.5164835164835165,12,5,0.4166666666666667,240.0,488,63,11.574999999999998,5.442764578833694,vt_vs_normal,False
0.08,raw,1.0,1,7,91,543,0.07918968692449356,0.4725274725274725,12,5,0.4166666666666667,230.0,436,58,11.574999999999998,5.0107991360691155,vt_vs_normal,False
0.1,raw,1.0,1,7,91,485,0.07010309278350516,0.37362637362637363,12,5,0.4166666666666667,210.0,395,52,11.574999999999998,4.4924406047516205,vt_vs_normal,False
0.12,raw,1.0,1,7,91,450,0.07111111111111111,0.3516483516483517,12,5,0.4166666666666667,210.0,369,55,11.574999999999998,4.7516198704103685,vt_vs_normal,False
0.15,raw,1.0,1,7,91,397,0.07052896725440806,0.3076923076923077,12,5,0.4166666666666667,180.0,331,55,11.574999999999998,4.7516198704103685,vt_vs_normal,False
0.2,raw,1.0,1,7,91,338,0.07396449704142012,0.27472527472527475,12,5,0.4166666666666667,60.0,281,43,11.574999999999998,3.714902807775379,vt_vs_normal,False
0.25,raw,1.0,1,7,91,293,0.08191126279863481,0.26373626373626374,12,3,0.25,10.0,244,38,11.574999999999998,3.2829373650108,vt_vs_normal,False
0.3,raw,1.0,1,7,91,253,0.09486166007905138,0.26373626373626374,12,3,0.25,10.0,205,43,11.574999999999998,3.714902807775379,vt_vs_normal,False
0.4,raw,1.0,1,7,91,191,0.1256544502617801,0.26373626373626374,12,2,0.16666666666666666,-40.0,150,40,11.574999999999998,3.4557235421166315,vt_vs_normal,False
0.5,raw,1.0,1,7,91,143,0.16783216783216784,0.26373626373626374,12,1,0.08333333333333333,300.0,105,34,11.574999999999998,2.937365010799137,vt_vs_normal,False
0.6,raw,1.0,1,7,91,85,0.24705882352941178,0.23076923076923078,12,1,0.08333333333333333,250.0,57,23,11.574999999999998,1.987041036717063,vt_vs_normal,False
0.7,raw,1.0,1,7,91,30,0.36666666666666664,0.12087912087912088,12,1,0.08333333333333333,250.0,16,14,11.574999999999998,1.209503239740821,vt_vs_normal,False
0.8,raw,1.0,1,7,91,2,0.5,0.01098901098901099,12,1,0.08333333333333333,-70.0,1,1,11.574999999999998,0.08639308855291579,vt_vs_normal,False
0.02,raw,1.0,2,7,91,762,0.08136482939632546,0.6813186813186813,12,8,0.6666666666666666,210.0,620,51,11.574999999999998,4.406047516198705,vt_vs_normal,False
0.03,raw,1.0,2,7,91,682,0.08211143695014662,0.6153846153846154,12,6,0.5,210.0,550,43,11.574999999999998,3.714902807775379,vt_vs_normal,False
0.04,raw,1.0,2,7,91,623,0.08346709470304976,0.5714285714285714,12,5,0.4166666666666667,240.0,496,40,11.574999999999998,3.4557235421166315,vt_vs_normal,False
0.05,raw,1.0,2,7,91,575,0.07478260869565218,0.4725274725274725,12,5,0.4166666666666667,240.0,459,36,11.574999999999998,3.110151187904968,vt_vs_normal,False
0.06,raw,1.0,2,7,91,532,0.07518796992481203,0.43956043956043955,12,5,0.4166666666666667,230.0,427,33,11.574999999999998,2.850971922246221,vt_vs_normal,False
0.08,raw,1.0,2,7,91,470,0.07659574468085106,0.3956043956043956,12,5,0.4166666666666667,200.0,380,31,11.574999999999998,2.6781857451403894,vt_vs_normal,False
0.1,raw,1.0,2,7,91,419,0.06682577565632458,0.3076923076923077,12,5,0.4166666666666667,200.0,345,28,11.574999999999998,2.419006479481642,vt_vs_normal,False
0.12,raw,1.0,2,7,91,384,0.06770833333333333,0.2857142857142857,12,5,0.4166666666666667,200.0,316,26,11.574999999999998,2.2462203023758103,vt_vs_normal,False
0.15,raw,1.0,2,7,91,332,0.07530120481927711,0.27472527472527475,12,5,0.4166666666666667,60.0,278,25,11.574999999999998,2.1598272138228944,vt_vs_normal,False
0.2,raw,1.0,2,7,91,288,0.08333333333333333,0.26373626373626374,12,3,0.25,30.0,239,24,11.574999999999998,2.073434125269979,vt_vs_normal,False
0.25,raw,1.0,2,7,91,253,0.09486166007905138,0.26373626373626374,12,3,0.25,0.0,207,27,11.574999999999998,2.332613390928726,vt_vs_normal,False
0.3,raw,1.0,2,7,91,207,0.11594202898550725,0.26373626373626374,12,3,0.25,0.0,163,27,11.574999999999998,2.332613390928726,vt_vs_normal,False
0.4,raw,1.0,2,7,91,150,0.16,0.26373626373626374,12,1,0.08333333333333333,300.0,111,19,11.574999999999998,1.6414686825054,vt_vs_normal,False
0.5,raw,1.0,2,7,91,108,0.2222222222222222,0.26373626373626374,12,1,0.08333333333333333,300.0,71,19,11.574999999999998,1.6414686825054,vt_vs_normal,False
0.6,raw,1.0,2,7,91,55,0.32727272727272727,0.1978021978021978,12,1,0.08333333333333333,240.0,34,12,11.574999999999998,1.0367170626349895,vt_vs_normal,False
0.7,raw,1.0,2,7,91,8,0.625,0.054945054945054944,12,1,0.08333333333333333,240.0,2,2,11.574999999999998,0.17278617710583158,vt_vs_normal,False
0.8,raw,1.0,2,7,91,0,0.0,0.0,12,0,0.0,,0,0,11.574999999999998,0.0,vt_vs_normal,False
0.02,ewma,0.65,1,7,91,877,0.07525655644241733,0.7252747252747253,12,8,0.6666666666666666,240.0,717,61,11.574999999999998,5.269978401727863,vt_vs_normal,False
0.03,ewma,0.65,1,7,91,779,0.08087291399229782,0.6923076923076923,12,7,0.5833333333333334,250.0,634,48,11.574999999999998,4.146868250539958,vt_vs_normal,False
0.04,ewma,0.65,1,7,91,717,0.08507670850767085,0.6703296703296703,12,6,0.5,220.0,577,49,11.574999999999998,4.2332613390928735,vt_vs_normal,False
0.05,ewma,0.65,1,7,91,660,0.0803030303030303,0.5824175824175825,12,5,0.4166666666666667,250.0,531,43,11.574999999999998,3.714902807775379,vt_vs_normal,False
0.06,ewma,0.65,1,7,91,621,0.07729468599033816,0.5274725274725275,12,5,0.4166666666666667,240.0,499,41,11.574999999999998,3.5421166306695473,vt_vs_normal,False
0.08,ewma,0.65,1,7,91,547,0.07861060329067641,0.4725274725274725,12,5,0.4166666666666667,230.0,440,39,11.574999999999998,3.3693304535637156,vt_vs_normal,False
0.1,ewma,0.65,1,7,91,495,0.07272727272727272,0.3956043956043956,12,5,0.4166666666666667,210.0,404,38,11.574999999999998,3.2829373650108,vt_vs_normal,False
0.12,ewma,0.65,1,7,91,448,0.06696428571428571,0.32967032967032966,12,5,0.4166666666666667,200.0,370,36,11.574999999999998,3.110151187904968,vt_vs_normal,False
0.15,ewma,0.65,1,7,91,402,0.06965174129353234,0.3076923076923077,12,5,0.4166666666666667,70.0,333,32,11.574999999999998,2.7645788336933053,vt_vs_normal,False
0.2,ewma,0.65,1,7,91,332,0.07228915662650602,0.26373626373626374,12,3,0.25,30.0,281,21,11.574999999999998,1.8142548596112316,vt_vs_normal,False
0.25,ewma,0.65,1,7,91,300,0.08,0.26373626373626374,12,3,0.25,10.0,250,23,11.574999999999998,1.987041036717063,vt_vs_normal,False
0.3,ewma,0.65,1,7,91,258,0.09302325581395349,0.26373626373626374,12,3,0.25,-20.0,212,26,11.574999999999998,2.2462203023758103,vt_vs_normal,False
0.4,ewma,0.65,1,7,91,188,0.1276595744680851,0.26373626373626374,12,2,0.16666666666666666,-40.0,146,25,11.574999999999998,2.1598272138228944,vt_vs_normal,False
0.5,ewma,0.65,1,7,91,137,0.17518248175182483,0.26373626373626374,12,1,0.08333333333333333,300.0,98,20,11.574999999999998,1.7278617710583157,vt_vs_normal,False
0.6,ewma,0.65,1,7,91,79,0.27848101265822783,0.24175824175824176,12,1,0.08333333333333333,250.0,50,16,11.574999999999998,1.3822894168466526,vt_vs_normal,False
0.7,ewma,0.65,1,7,91,16,0.5625,0.0989010989010989,12,1,0.08333333333333333,240.0,6,6,11.574999999999998,0.5183585313174948,vt_vs_normal,False
0.8,ewma,0.65,1,7,91,1,1.0,0.01098901098901099,12,1,0.08333333333333333,-70.0,0,0,11.574999999999998,0.0,vt_vs_normal,False
0.02,ewma,0.65,2,7,91,806,0.0794044665012407,0.7032967032967034,12,8,0.6666666666666666,215.0,658,33,11.574999999999998,2.850971922246221,vt_vs_normal,False
0.03,ewma,0.65,2,7,91,725,0.08413793103448276,0.6703296703296703,12,6,0.5,210.0,588,33,11.574999999999998,2.850971922246221,vt_vs_normal,False
0.04,ewma,0.65,2,7,91,662,0.08610271903323263,0.6263736263736264,12,5,0.4166666666666667,240.0,530,31,11.574999999999998,2.6781857451403894,vt_vs_normal,False
0.05,ewma,0.65,2,7,91,613,0.07830342577487764,0.5274725274725275,12,5,0.4166666666666667,240.0,490,28,11.574999999999998,2.419006479481642,vt_vs_normal,False
0.06,ewma,0.65,2,7,91,574,0.07317073170731707,0.46153846153846156,12,5,0.4166666666666667,230.0,460,28,11.574999999999998,2.419006479481642,vt_vs_normal,False
0.08,ewma,0.65,2,7,91,498,0.0783132530120482,0.42857142857142855,12,5,0.4166666666666667,200.0,403,22,11.574999999999998,1.9006479481641472,vt_vs_normal,False
0.1,ewma,0.65,2,7,91,450,0.07555555555555556,0.37362637362637363,12,5,0.4166666666666667,200.0,368,22,11.574999999999998,1.9006479481641472,vt_vs_normal,False
0.12,ewma,0.65,2,7,91,406,0.0665024630541872,0.2967032967032967,12,5,0.4166666666666667,60.0,336,22,11.574999999999998,1.9006479481641472,vt_vs_normal,False
0.15,ewma,0.65,2,7,91,363,0.07162534435261708,0.2857142857142857,12,5,0.4166666666666667,60.0,303,17,11.574999999999998,1.4686825053995685,vt_vs_normal,False
0.2,ewma,0.65,2,7,91,310,0.07741935483870968,0.26373626373626374,12,3,0.25,0.0,262,16,11.574999999999998,1.3822894168466526,vt_vs_normal,False
0.25,ewma,0.65,2,7,91,276,0.08695652173913043,0.26373626373626374,12,3,0.25,0.0,228,17,11.574999999999998,1.4686825053995685,vt_vs_normal,False
0.3,ewma,0.65,2,7,91,231,0.1038961038961039,0.26373626373626374,12,2,0.16666666666666666,-35.0,187,20,11.574999999999998,1.7278617710583157,vt_vs_normal,False
0.4,ewma,0.65,2,7,91,162,0.14814814814814814,0.26373626373626374,12,2,0.16666666666666666,-45.0,122,11,11.574999999999998,0.9503239740820736,vt_vs_normal,False
0.5,ewma,0.65,2,7,91,117,0.20512820512820512,0.26373626373626374,12,1,0.08333333333333333,300.0,78,12,11.574999999999998,1.0367170626349895,vt_vs_normal,False
0.6,ewma,0.65,2,7,91,58,0.3620689655172414,0.23076923076923078,12,1,0.08333333333333333,240.0,34,11,11.574999999999998,0.9503239740820736,vt_vs_normal,False
0.7,ewma,0.65,2,7,91,4,1.0,0.04395604395604396,12,1,0.08333333333333333,-10.0,0,0,11.574999999999998,0.0,vt_vs_normal,False
0.8,ewma,0.65,2,7,91,0,0.0,0.0,12,0,0.0,,0,0,11.574999999999998,0.0,vt_vs_normal,False
0.02,raw,1.0,1,8,96,925,0.07675675675675675,0.7395833333333334,14,10,0.7142857142857143,300.0,695,97,11.574999999999998,8.380129589632832,vt_vf_vs_normal,False
0.03,raw,1.0,1,8,96,828,0.08333333333333333,0.71875,14,10,0.7142857142857143,275.0,605,79,11.574999999999998,6.825053995680347,vt_vf_vs_normal,False
0.04,raw,1.0,1,8,96,760,0.08552631578947369,0.6770833333333334,14,10,0.7142857142857143,255.0,546,73,11.574999999999998,6.3066954643628526,vt_vf_vs_normal,False
0.05,raw,1.0,1,8,96,712,0.08707865168539326,0.6458333333333334,14,9,0.6428571428571429,250.0,504,74,11.574999999999998,6.393088552915768,vt_vf_vs_normal,False
0.06,raw,1.0,1,8,96,666,0.08858858858858859,0.6145833333333334,14,8,0.5714285714285714,270.0,468,71,11.574999999999998,6.133909287257021,vt_vf_vs_normal,False
0.08,raw,1.0,1,8,96,580,0.08620689655172414,0.5208333333333334,14,8,0.5714285714285714,265.0,394,63,11.574999999999998,5.442764578833694,vt_vf_vs_normal,False
0.1,raw,1.0,1,8,96,525,0.08190476190476191,0.4479166666666667,14,8,0.5714285714285714,255.0,353,56,11.574999999999998,4.838012958963284,vt_vf_vs_normal,False
0.12,raw,1.0,1,8,96,475,0.07789473684210527,0.3854166666666667,14,8,0.5714285714285714,250.0,319,58,11.574999999999998,5.0107991360691155,vt_vf_vs_normal,False
0.15,raw,1.0,1,8,96,415,0.0819277108433735,0.3541666666666667,14,8,0.5714285714285714,245.0,279,56,11.574999999999998,4.838012958963284,vt_vf_vs_normal,False
0.2,raw,1.0,1,8,96,343,0.08746355685131195,0.3125,14,8,0.5714285714285714,175.0,226,39,11.574999999999998,3.3693304535637156,vt_vf_vs_normal,False
0.25,raw,1.0,1,8,96,296,0.09797297297297297,0.3020833333333333,14,6,0.42857142857142855,120.0,196,32,11.574999999999998,2.7645788336933053,vt_vf_vs_normal,False
0.3,raw,1.0,1,8,96,254,0.1141732283464567,0.3020833333333333,14,5,0.35714285714285715,230.0,157,38,11.574999999999998,3.2829373650108,vt_vf_vs_normal,False
0.4,raw,1.0,1,8,96,192,0.15104166666666666,0.3020833333333333,14,4,0.2857142857142857,265.0,104,35,11.574999999999998,3.0237580993520523,vt_vf_vs_normal,False
0.5,raw,1.0,1,8,96,143,0.1958041958041958,0.2916666666666667,14,3,0.21428571428571427,300.0,66,28,11.574999999999998,2.419006479481642,vt_vf_vs_normal,False
0.6,raw,1.0,1,8,96,85,0.29411764705882354,0.2604166666666667,14,3,0.21428571428571427,250.0,30,14,11.574999999999998,1.209503239740821,vt_vf_vs_normal,False
0.7,raw,1.0,1,8,96,30,0.4,0.125,14,3,0.21428571428571427,250.0,7,6,11.574999999999998,0.5183585313174948,vt_vf_vs_normal,True
0.8,raw,1.0,1,8,96,2,0.5,0.010416666666666666,14,1,0.07142857142857142,-70.0,1,1,11.574999999999998,0.08639308855291579,vt_vf_vs_normal,False
0.02,raw,1.0,2,8,96,816,0.08455882352941177,0.71875,14,10,0.7142857142857143,265.0,602,56,11.574999999999998,4.838012958963284,vt_vf_vs_normal,False
0.03,raw,1.0,2,8,96,737,0.08819538670284939,0.6770833333333334,14,9,0.6428571428571429,240.0,530,41,11.574999999999998,3.5421166306695473,vt_vf_vs_normal,False
0.04,raw,1.0,2,8,96,678,0.08849557522123894,0.625,14,8,0.5714285714285714,270.0,477,41,11.574999999999998,3.5421166306695473,vt_vf_vs_normal,False
0.05,raw,1.0,2,8,96,627,0.0861244019138756,0.5625,14,8,0.5714285714285714,270.0,434,40,11.574999999999998,3.4557235421166315,vt_vf_vs_normal,False
0.06,raw,1.0,2,8,96,584,0.08732876712328767,0.53125,14,8,0.5714285714285714,265.0,401,36,11.574999999999998,3.110151187904968,vt_vf_vs_normal,False
0.08,raw,1.0,2,8,96,504,0.08333333333333333,0.4375,14,8,0.5714285714285714,245.0,335,33,11.574999999999998,2.850971922246221,vt_vf_vs_normal,False
0.1,raw,1.0,2,8,96,458,0.08078602620087336,0.3854166666666667,14,8,0.5714285714285714,245.0,301,30,11.574999999999998,2.5917926565874736,vt_vf_vs_normal,False
0.12,raw,1.0,2,8,96,403,0.07692307692307693,0.3229166666666667,14,8,0.5714285714285714,240.0,265,26,11.574999999999998,2.2462203023758103,vt_vf_vs_normal,False
0.15,raw,1.0,2,8,96,340,0.08823529411764706,0.3125,14,8,0.5714285714285714,160.0,226,25,11.574999999999998,2.1598272138228944,vt_vf_vs_normal,False
0.2,raw,1.0,2,8,96,291,0.09965635738831616,0.3020833333333333,14,5,0.35714285714285715,280.0,189,20,11.574999999999998,1.7278617710583157,vt_vf_vs_normal,False
0.25,raw,1.0,2,8,96,257,0.11284046692607004,0.3020833333333333,14,5,0.35714285714285715,220.0,166,21,11.574999999999998,1.8142548596112316,vt_vf_vs_normal,False
0.3,raw,1.0,2,8,96,209,0.13875598086124402,0.3020833333333333,14,5,0.35714285714285715,220.0,121,23,11.574999999999998,1.987041036717063,vt_vf_vs_normal,False
0.4,raw,1.0,2,8,96,151,0.19205298013245034,0.3020833333333333,14,4,0.2857142857142857,260.0,71,16,11.574999999999998,1.3822894168466526,vt_vf_vs_normal,False
0.5,raw,1.0,2,8,96,108,0.25,0.28125,14,3,0.21428571428571427,290.0,39,16,11.574999999999998,1.3822894168466526,vt_vf_vs_normal,False
0.6,raw,1.0,2,8,96,55,0.38181818181818183,0.21875,14,3,0.21428571428571427,240.0,17,5,11.574999999999998,0.43196544276457893,vt_vf_vs_normal,True
0.7,raw,1.0,2,8,96,8,0.625,0.052083333333333336,14,2,0.14285714285714285,145.0,1,1,11.574999999999998,0.08639308855291579,vt_vf_vs_normal,False
0.8,raw,1.0,2,8,96,0,0.0,0.0,14,0,0.0,,0,0,11.574999999999998,0.0,vt_vf_vs_normal,False
0.02,ewma,0.65,1,8,96,933,0.07609860664523044,0.7395833333333334,14,10,0.7142857142857143,275.0,701,63,11.574999999999998,5.442764578833694,vt_vf_vs_normal,False
0.03,ewma,0.65,1,8,96,829,0.08323281061519903,0.71875,14,10,0.7142857142857143,255.0,609,47,11.574999999999998,4.060475161987042,vt_vf_vs_normal,False
0.04,ewma,0.65,1,8,96,776,0.08762886597938144,0.7083333333333334,14,9,0.6428571428571429,250.0,560,49,11.574999999999998,4.2332613390928735,vt_vf_vs_normal,False
0.05,ewma,0.65,1,8,96,724,0.0925414364640884,0.6979166666666666,14,8,0.5714285714285714,275.0,512,49,11.574999999999998,4.2332613390928735,vt_vf_vs_normal,False
0.06,ewma,0.65,1,8,96,672,0.08482142857142858,0.59375,14,8,0.5714285714285714,270.0,472,47,11.574999999999998,4.060475161987042,vt_vf_vs_normal,False
0.08,ewma,0.65,1,8,96,588,0.08503401360544217,0.5208333333333334,14,8,0.5714285714285714,265.0,402,42,11.574999999999998,3.628509719222463,vt_vf_vs_normal,False
0.1,ewma,0.65,1,8,96,535,0.08037383177570094,0.4479166666666667,14,8,0.5714285714285714,250.0,362,40,11.574999999999998,3.4557235421166315,vt_vf_vs_normal,False
0.12,ewma,0.65,1,8,96,476,0.07563025210084033,0.375,14,8,0.5714285714285714,245.0,318,41,11.574999999999998,3.5421166306695473,vt_vf_vs_normal,False
0.15,ewma,0.65,1,8,96,415,0.07951807228915662,0.34375,14,8,0.5714285714285714,180.0,276,35,11.574999999999998,3.0237580993520523,vt_vf_vs_normal,False
0.2,ewma,0.65,1,8,96,336,0.08630952380952381,0.3020833333333333,14,6,0.42857142857142855,155.0,226,21,11.574999999999998,1.8142548596112316,vt_vf_vs_normal,False
0.25,ewma,0.65,1,8,96,302,0.09602649006622517,0.3020833333333333,14,5,0.35714285714285715,230.0,199,22,11.574999999999998,1.9006479481641472,vt_vf_vs_normal,False
0.3,ewma,0.65,1,8,96,260,0.11153846153846154,0.3020833333333333,14,5,0.35714285714285715,230.0,162,23,11.574999999999998,1.987041036717063,vt_vf_vs_normal,False
0.4,ewma,0.65,1,8,96,188,0.15425531914893617,0.3020833333333333,14,4,0.2857142857142857,260.0,102,20,11.574999999999998,1.7278617710583157,vt_vf_vs_normal,False
0.5,ewma,0.65,1,8,96,138,0.21014492753623187,0.3020833333333333,14,3,0.21428571428571427,300.0,62,18,11.574999999999998,1.555075593952484,vt_vf_vs_normal,False
0.6,ewma,0.65,1,8,96,81,0.32098765432098764,0.2708333333333333,14,3,0.21428571428571427,250.0,25,7,11.574999999999998,0.6047516198704105,vt_vf_vs_normal,True
0.7,ewma,0.65,1,8,96,16,0.5625,0.09375,14,2,0.14285714285714285,145.0,4,4,11.574999999999998,0.34557235421166316,vt_vf_vs_normal,False
0.8,ewma,0.65,1,8,96,1,1.0,0.010416666666666666,14,1,0.07142857142857142,-70.0,0,0,11.574999999999998,0.0,vt_vf_vs_normal,False
0.02,ewma,0.65,2,8,96,864,0.0798611111111111,0.71875,14,10,0.7142857142857143,265.0,642,37,11.574999999999998,3.196544276457884,vt_vf_vs_normal,False
0.03,ewma,0.65,2,8,96,778,0.08740359897172237,0.7083333333333334,14,9,0.6428571428571429,240.0,566,33,11.574999999999998,2.850971922246221,vt_vf_vs_normal,False
0.04,ewma,0.65,2,8,96,724,0.09116022099447514,0.6875,14,8,0.5714285714285714,270.0,515,33,11.574999999999998,2.850971922246221,vt_vf_vs_normal,False
0.05,ewma,0.65,2,8,96,674,0.09495548961424333,0.6666666666666666,14,8,0.5714285714285714,270.0,467,32,11.574999999999998,2.7645788336933053,vt_vf_vs_normal,False
0.06,ewma,0.65,2,8,96,620,0.08225806451612903,0.53125,14,8,0.5714285714285714,265.0,429,30,11.574999999999998,2.5917926565874736,vt_vf_vs_normal,False
0.08,ewma,0.65,2,8,96,538,0.08364312267657993,0.46875,14,8,0.5714285714285714,250.0,364,24,11.574999999999998,2.073434125269979,vt_vf_vs_normal,False
0.1,ewma,0.65,2,8,96,491,0.0835030549898167,0.4270833333333333,14,8,0.5714285714285714,240.0,326,26,11.574999999999998,2.2462203023758103,vt_vf_vs_normal,False
0.12,ewma,0.65,2,8,96,428,0.07710280373831775,0.34375,14,8,0.5714285714285714,170.0,281,25,11.574999999999998,2.1598272138228944,vt_vf_vs_normal,False
0.15,ewma,0.65,2,8,96,371,0.08355795148247978,0.3229166666666667,14,8,0.5714285714285714,170.0,244,20,11.574999999999998,1.7278617710583157,vt_vf_vs_normal,False
0.2,ewma,0.65,2,8,96,311,0.0932475884244373,0.3020833333333333,14,5,0.35714285714285715,240.0,208,17,11.574999999999998,1.4686825053995685,vt_vf_vs_normal,False
0.25,ewma,0.65,2,8,96,278,0.10431654676258993,0.3020833333333333,14,5,0.35714285714285715,220.0,179,17,11.574999999999998,1.4686825053995685,vt_vf_vs_normal,False
0.3,ewma,0.65,2,8,96,234,0.12393162393162394,0.3020833333333333,14,4,0.2857142857142857,260.0,141,17,11.574999999999998,1.4686825053995685,vt_vf_vs_normal,False
0.4,ewma,0.65,2,8,96,162,0.17901234567901234,0.3020833333333333,14,4,0.2857142857142857,195.0,84,10,11.574999999999998,0.8639308855291579,vt_vf_vs_normal,True
0.5,ewma,0.65,2,8,96,118,0.2457627118644068,0.3020833333333333,14,3,0.21428571428571427,290.0,45,11,11.574999999999998,0.9503239740820736,vt_vf_vs_normal,True
0.6,ewma,0.65,2,8,96,61,0.39344262295081966,0.25,14,3,0.21428571428571427,240.0,19,5,11.574999999999998,0.43196544276457893,vt_vf_vs_normal,True
0.7,ewma,0.65,2,8,96,4,1.0,0.041666666666666664,14,1,0.07142857142857142,-10.0,0,0,11.574999999999998,0.0,vt_vf_vs_normal,False
0.8,ewma,0.65,2,8,96,0,0.0,0.0,14,0,0.0,,0,0,11.574999999999998,0.0,vt_vf_vs_normal,False
0.02,raw,1.0,1,8,91,957,0.06896551724137931,0.7252747252747253,13,8,0.6153846153846154,275.0,794,103,11.574999999999998,8.898488120950326,tachy_vs_normal,False
0.03,raw,1.0,1,8,91,860,0.07209302325581396,0.6813186813186813,13,8,0.6153846153846154,240.0,710,93,11.574999999999998,8.034557235421168,tachy_vs_normal,False
0.04,raw,1.0,1,8,91,788,0.07741116751269035,0.6703296703296703,13,8,0.6153846153846154,240.0,641,86,11.574999999999998,7.429805615550758,tachy_vs_normal,False
0.05,raw,1.0,1,8,91,739,0.07442489851150202,0.6043956043956044,13,6,0.46153846153846156,225.0,604,85,11.574999999999998,7.343412526997842,tachy_vs_normal,False
0.06,raw,1.0,1,8,91,702,0.07264957264957266,0.5604395604395604,13,6,0.46153846153846156,220.0,574,86,11.574999999999998,7.429805615550758,tachy_vs_normal,False
0.08,raw,1.0,1,8,91,633,0.07109004739336493,0.4945054945054945,13,5,0.38461538461538464,250.0,512,77,11.574999999999998,6.652267818574516,tachy_vs_normal,False
0.1,raw,1.0,1,8,91,588,0.05952380952380952,0.38461538461538464,13,5,0.38461538461538464,250.0,481,73,11.574999999999998,6.3066954643628526,tachy_vs_normal,False
0.12,raw,1.0,1,8,91,547,0.05850091407678245,0.3516483516483517,13,5,0.38461538461538464,250.0,447,73,11.574999999999998,6.3066954643628526,tachy_vs_normal,False
0.15,raw,1.0,1,8,91,487,0.057494866529774126,0.3076923076923077,13,5,0.38461538461538464,250.0,401,73,11.574999999999998,6.3066954643628526,tachy_vs_normal,False
0.2,raw,1.0,1,8,91,422,0.05924170616113744,0.27472527472527475,13,5,0.38461538461538464,250.0,344,65,11.574999999999998,5.615550755939526,tachy_vs_normal,False
0.25,raw,1.0,1,8,91,370,0.06486486486486487,0.26373626373626374,13,4,0.3076923076923077,220.0,298,54,11.574999999999998,4.665226781857452,tachy_vs_normal,False
0.3,raw,1.0,1,8,91,331,0.07250755287009064,0.26373626373626374,13,4,0.3076923076923077,220.0,260,48,11.574999999999998,4.146868250539958,tachy_vs_normal,False
0.4,raw,1.0,1,8,91,277,0.08664259927797834,0.26373626373626374,13,4,0.3076923076923077,220.0,214,39,11.574999999999998,3.3693304535637156,tachy_vs_normal,False
0.5,raw,1.0,1,8,91,224,0.10714285714285714,0.26373626373626374,13,3,0.23076923076923078,230.0,169,35,11.574999999999998,3.0237580993520523,tachy_vs_normal,False
0.6,raw,1.0,1,8,91,162,0.13580246913580246,0.24175824175824176,13,3,0.23076923076923078,210.0,119,26,11.574999999999998,2.2462203023758103,tachy_vs_normal,False
0.7,raw,1.0,1,8,91,97,0.12371134020618557,0.13186813186813187,13,3,0.23076923076923078,210.0,72,20,11.574999999999998,1.7278617710583157,tachy_vs_normal,False
0.8,raw,1.0,1,8,91,59,0.01694915254237288,0.01098901098901099,13,3,0.23076923076923078,10.0,53,10,11.574999999999998,0.8639308855291579,tachy_vs_normal,False
0.02,raw,1.0,2,8,91,840,0.0761904761904762,0.7032967032967034,13,8,0.6153846153846154,220.0,693,57,11.574999999999998,4.9244060475162,tachy_vs_normal,False
0.03,raw,1.0,2,8,91,751,0.07456724367509987,0.6153846153846154,13,6,0.46153846153846156,210.0,619,55,11.574999999999998,4.7516198704103685,tachy_vs_normal,False
0.04,raw,1.0,2,8,91,688,0.07994186046511628,0.6043956043956044,13,6,0.46153846153846156,210.0,557,53,11.574999999999998,4.578833693304537,tachy_vs_normal,False
0.05,raw,1.0,2,8,91,643,0.07309486780715396,0.5164835164835165,13,5,0.38461538461538464,240.0,521,42,11.574999999999998,3.628509719222463,tachy_vs_normal,False
0.06,raw,1.0,2,8,91,606,0.06930693069306931,0.46153846153846156,13,5,0.38461538461538464,240.0,490,43,11.574999999999998,3.714902807775379,tachy_vs_normal,False
0.08,raw,1.0,2,8,91,547,0.06581352833638025,0.3956043956043956,13,5,0.38461538461538464,240.0,437,37,11.574999999999998,3.196544276457884,tachy_vs_normal,False
0.1,raw,1.0,2,8,91,505,0.055445544554455446,0.3076923076923077,13,5,0.38461538461538464,240.0,410,36,11.574999999999998,3.110151187904968,tachy_vs_normal,False
0.12,raw,1.0,2,8,91,463,0.056155507559395246,0.2857142857142857,13,5,0.38461538461538464,240.0,376,35,11.574999999999998,3.0237580993520523,tachy_vs_normal,False
0.15,raw,1.0,2,8,91,404,0.06188118811881188,0.27472527472527475,13,5,0.38461538461538464,240.0,330,37,11.574999999999998,3.196544276457884,tachy_vs_normal,False
0.2,raw,1.0,2,8,91,349,0.06876790830945559,0.26373626373626374,13,4,0.3076923076923077,210.0,281,34,11.574999999999998,2.937365010799137,tachy_vs_normal,False
0.25,raw,1.0,2,8,91,314,0.07643312101910828,0.26373626373626374,13,4,0.3076923076923077,210.0,246,25,11.574999999999998,2.1598272138228944,tachy_vs_normal,False
0.3,raw,1.0,2,8,91,280,0.08571428571428572,0.26373626373626374,13,4,0.3076923076923077,210.0,214,22,11.574999999999998,1.9006479481641472,tachy_vs_normal,False
0.4,raw,1.0,2,8,91,234,0.10256410256410256,0.26373626373626374,13,4,0.3076923076923077,190.0,177,20,11.574999999999998,1.7278617710583157,tachy_vs_normal,False
0.5,raw,1.0,2,8,91,186,0.12903225806451613,0.26373626373626374,13,3,0.23076923076923078,220.0,135,21,11.574999999999998,1.8142548596112316,tachy_vs_normal,False
0.6,raw,1.0,2,8,91,127,0.15748031496062992,0.21978021978021978,13,3,0.23076923076923078,200.0,94,16,11.574999999999998,1.3822894168466526,tachy_vs_normal,False
0.7,raw,1.0,2,8,91,65,0.07692307692307693,0.054945054945054944,13,3,0.23076923076923078,200.0,53,6,11.574999999999998,0.5183585313174948,tachy_vs_normal,True
0.8,raw,1.0,2,8,91,46,0.0,0.0,13,2,0.15384615384615385,30.0,44,6,11.574999999999998,0.5183585313174948,tachy_vs_normal,False
0.02,ewma,0.65,1,8,91,984,0.06707317073170732,0.7252747252747253,13,8,0.6153846153846154,240.0,818,60,11.574999999999998,5.183585313174947,tachy_vs_normal,False
0.03,ewma,0.65,1,8,91,884,0.07352941176470588,0.7142857142857143,13,8,0.6153846153846154,240.0,734,57,11.574999999999998,4.9244060475162,tachy_vs_normal,False
0.04,ewma,0.65,1,8,91,818,0.07701711491442542,0.6923076923076923,13,6,0.46153846153846156,225.0,675,54,11.574999999999998,4.665226781857452,tachy_vs_normal,False
0.05,ewma,0.65,1,8,91,763,0.07601572739187418,0.6373626373626373,13,5,0.38461538461538464,250.0,629,60,11.574999999999998,5.183585313174947,tachy_vs_normal,False
0.06,ewma,0.65,1,8,91,717,0.0697350069735007,0.5494505494505495,13,5,0.38461538461538464,250.0,591,56,11.574999999999998,4.838012958963284,tachy_vs_normal,False
0.08,ewma,0.65,1,8,91,654,0.0672782874617737,0.4835164835164835,13,5,0.38461538461538464,250.0,534,50,11.574999999999998,4.319654427645789,tachy_vs_normal,False
0.1,ewma,0.65,1,8,91,600,0.06,0.3956043956043956,13,5,0.38461538461538464,250.0,491,56,11.574999999999998,4.838012958963284,tachy_vs_normal,False
0.12,ewma,0.65,1,8,91,552,0.05434782608695652,0.32967032967032966,13,5,0.38461538461538464,250.0,453,47,11.574999999999998,4.060475161987042,tachy_vs_normal,False
0.15,ewma,0.65,1,8,91,502,0.055776892430278883,0.3076923076923077,13,5,0.38461538461538464,250.0,411,46,11.574999999999998,3.974082073434126,tachy_vs_normal,False
0.2,ewma,0.65,1,8,91,417,0.05755395683453238,0.26373626373626374,13,4,0.3076923076923077,220.0,343,42,11.574999999999998,3.628509719222463,tachy_vs_normal,False
0.25,ewma,0.65,1,8,91,366,0.06557377049180328,0.26373626373626374,13,4,0.3076923076923077,220.0,292,35,11.574999999999998,3.0237580993520523,tachy_vs_normal,False
0.3,ewma,0.65,1,8,91,332,0.07228915662650602,0.26373626373626374,13,4,0.3076923076923077,220.0,261,23,11.574999999999998,1.987041036717063,tachy_vs_normal,False
0.4,ewma,0.65,1,8,91,272,0.08823529411764706,0.26373626373626374,13,4,0.3076923076923077,220.0,210,25,11.574999999999998,2.1598272138228944,tachy_vs_normal,False
0.5,ewma,0.65,1,8,91,219,0.1095890410958904,0.26373626373626374,13,3,0.23076923076923078,220.0,164,21,11.574999999999998,1.8142548596112316,tachy_vs_normal,False
0.6,ewma,0.65,1,8,91,162,0.14814814814814814,0.26373626373626374,13,3,0.23076923076923078,210.0,116,20,11.574999999999998,1.7278617710583157,tachy_vs_normal,False
0.7,ewma,0.65,1,8,91,83,0.10843373493975904,0.0989010989010989,13,3,0.23076923076923078,200.0,64,11,11.574999999999998,0.9503239740820736,tachy_vs_normal,True
0.8,ewma,0.65,1,8,91,55,0.01818181818181818,0.01098901098901099,13,3,0.23076923076923078,0.0,51,5,11.574999999999998,0.43196544276457893,tachy_vs_normal,False
0.02,ewma,0.65,2,8,91,917,0.0697928026172301,0.7032967032967034,13,8,0.6153846153846154,215.0,761,37,11.574999999999998,3.196544276457884,tachy_vs_normal,False
0.03,ewma,0.65,2,8,91,818,0.07701711491442542,0.6923076923076923,13,6,0.46153846153846156,210.0,679,39,11.574999999999998,3.3693304535637156,tachy_vs_normal,False
0.04,ewma,0.65,2,8,91,759,0.08036890645586298,0.6703296703296703,13,5,0.38461538461538464,240.0,623,38,11.574999999999998,3.2829373650108,tachy_vs_normal,False
0.05,ewma,0.65,2,8,91,698,0.07449856733524356,0.5714285714285714,13,5,0.38461538461538464,240.0,571,37,11.574999999999998,3.196544276457884,tachy_vs_normal,False
0.06,ewma,0.65,2,8,91,656,0.06707317073170732,0.4835164835164835,13,5,0.38461538461538464,240.0,537,37,11.574999999999998,3.196544276457884,tachy_vs_normal,False
0.08,ewma,0.65,2,8,91,600,0.065,0.42857142857142855,13,5,0.38461538461538464,240.0,486,35,11.574999999999998,3.0237580993520523,tachy_vs_normal,False
0.1,ewma,0.65,2,8,91,541,0.06284658040665435,0.37362637362637363,13,5,0.38461538461538464,240.0,437,32,11.574999999999998,2.7645788336933053,tachy_vs_normal,False
0.12,ewma,0.65,2,8,91,499,0.05410821643286573,0.2967032967032967,13,5,0.38461538461538464,240.0,408,32,11.574999999999998,2.7645788336933053,tachy_vs_normal,False
0.15,ewma,0.65,2,8,91,448,0.05803571428571429,0.2857142857142857,13,5,0.38461538461538464,240.0,367,26,11.574999999999998,2.2462203023758103,tachy_vs_normal,False
0.2,ewma,0.65,2,8,91,375,0.064,0.26373626373626374,13,4,0.3076923076923077,210.0,303,24,11.574999999999998,2.073434125269979,tachy_vs_normal,False
0.25,ewma,0.65,2,8,91,331,0.07250755287009064,0.26373626373626374,13,4,0.3076923076923077,210.0,259,18,11.574999999999998,1.555075593952484,tachy_vs_normal,False
0.3,ewma,0.65,2,8,91,307,0.0781758957654723,0.26373626373626374,13,4,0.3076923076923077,210.0,240,15,11.574999999999998,1.2958963282937368,tachy_vs_normal,False
0.4,ewma,0.65,2,8,91,244,0.09836065573770492,0.26373626373626374,13,4,0.3076923076923077,190.0,187,14,11.574999999999998,1.209503239740821,tachy_vs_normal,False
0.5,ewma,0.65,2,8,91,196,0.12244897959183673,0.26373626373626374,13,3,0.23076923076923078,210.0,144,16,11.574999999999998,1.3822894168466526,tachy_vs_normal,False
0.6,ewma,0.65,2,8,91,138,0.17391304347826086,0.26373626373626374,13,3,0.23076923076923078,200.0,97,14,11.574999999999998,1.209503239740821,tachy_vs_normal,False
0.7,ewma,0.65,2,8,91,63,0.06349206349206349,0.04395604395604396,13,3,0.23076923076923078,130.0,54,3,11.574999999999998,0.2591792656587474,tachy_vs_normal,True
0.8,ewma,0.65,2,8,91,47,0.0,0.0,13,0,0.0,,47,3,11.574999999999998,0.2591792656587474,tachy_vs_normal,False
